Employee_ID,Actual_Turnover,Predicted_Turnover_Probability
0,0,0.0
1,0,0.32
2,0,0.07
3,0,0.0
4,0,0.01
5,0,0.01
6,0,0.0
7,0,0.0
8,0,0.0
9,0,0.0
10,1,0.9998181818181818
11,0,0.02
12,1,1.0
13,0,0.0
14,0,0.0
15,1,0.99
16,0,0.01
17,0,0.0
18,0,0.0
19,1,1.0
20,0,0.0
21,1,1.0
22,0,0.02
23,0,0.1
24,0,0.020625
25,0,0.00040540540540540544
26,1,1.0
27,0,0.05
28,0,0.0
29,0,0.00014084507042253522
30,0,0.06
31,1,1.0
32,1,1.0
33,0,0.04
34,0,0.01442687747035573
35,1,1.0
36,1,1.0
37,0,0.0
38,0,0.0
39,0,0.0
40,0,0.0
41,0,0.0
42,0,0.36
43,0,0.04
44,0,0.0
45,1,1.0
46,0,0.0
47,0,0.0
48,0,0.0
49,1,1.0
50,1,1.0
51,1,0.99
52,1,1.0
53,0,0.03
54,0,0.0
55,0,0.0
56,1,1.0
57,1,1.0
58,1,1.0
59,0,0.0
60,0,0.07333333333333333
61,1,1.0
62,0,0.02
63,0,0.03
64,0,0.020120481927710845
65,0,0.0
66,1,1.0
67,0,0.0
68,1,1.0
69,0,0.0
70,1,0.06
71,1,0.7466666666666667
72,0,0.0
73,0,0.0
74,0,0.0004938271604938272
75,0,0.0
76,1,1.0
77,1,1.0
78,0,0.08
79,0,0.0
80,0,0.0
81,0,0.0
82,0,0.01
83,0,0.01046656748491611
84,0,0.0
85,0,0.01
86,1,0.97
87,1,0.99
88,0,0.0
89,0,0.0
90,1,1.0
91,0,0.0
92,0,0.42
93,0,0.0
94,0,0.0
95,0,0.0
96,0,0.0
97,0,0.0
98,1,1.0
99,0,0.0
100,0,0.0
101,1,1.0
102,1,1.0
103,0,0.0
104,1,0.98
105,0,0.0
106,0,0.02
107,0,0.07
108,0,0.0
109,0,0.0
110,0,0.0
111,1,1.0
112,1,1.0
113,1,1.0
114,0,0.0
115,0,0.010249999999999999
116,0,0.04
117,0,0.0
118,1,1.0
119,0,0.0
120,0,0.011428571428571429
121,0,0.0
122,0,0.0
123,1,1.0
124,1,1.0
125,1,0.71
126,0,0.1132820512820513
127,0,0.0
128,0,0.0
129,0,0.1
130,0,0.21
131,0,0.02
132,0,0.09
133,1,0.99
134,0,0.0
135,1,1.0
136,0,0.03
137,0,0.0
138,0,0.05
139,0,0.0
140,0,0.02
141,0,0.535
142,0,0.08
143,0,0.0
144,1,0.9391666666666666
145,0,6.116207951070337e-05
146,0,0.06
147,1,0.97
148,1,0.945
149,0,0.0
150,1,0.97
151,1,1.0
152,1,1.0
153,0,0.01
154,0,0.0025
155,1,1.0
156,0,0.0
157,0,0.0
158,0,0.0
159,0,0.09
160,1,1.0
161,0,0.0
162,0,0.0
163,0,0.02
164,0,0.1
165,0,0.0
166,0,0.02
167,1,1.0
168,0,0.0
169,0,0.0
170,0,0.03
171,0,0.02
172,0,0.01
173,0,0.0
174,0,0.09
175,0,0.03
176,0,0.0
177,0,0.0
178,1,1.0
179,1,1.0
180,0,0.1
181,0,0.03166666666666667
182,1,0.99
183,1,1.0
184,0,0.0
185,0,0.06
186,0,0.01
187,0,0.0
188,1,1.0
189,1,0.9928571428571428
190,0,0.0
191,0,0.25
192,0,0.0
193,0,0.01
194,0,0.06
195,0,0.0
196,0,0.0
197,1,1.0
198,1,1.0
199,0,0.0
200,0,0.0
201,0,0.0
202,0,0.0
203,0,0.0
204,0,0.04
205,0,0.0
206,0,0.0
207,0,6.116207951070337e-05
208,0,0.01
209,0,0.0
210,0,0.0
211,1,1.0
212,0,0.010120481927710843
213,0,0.05235785953177258
214,1,1.0
215,0,0.0
216,0,0.18
217,0,0.01
218,1,1.0
219,0,0.00012048192771084338
220,0,0.0
221,0,0.0
222,0,0.0
223,0,0.0
224,1,1.0
225,0,0.0
226,1,0.97
227,1,0.9998181818181818
228,0,0.01
229,0,0.01
230,0,0.0
231,0,0.0
232,0,0.0
233,1,1.0
234,0,6.116207951070337e-05
235,0,0.0
236,1,1.0
237,1,1.0
238,0,0.03
239,1,1.0
240,0,0.05
241,0,0.03
242,0,0.38
243,0,0.0
244,1,1.0
245,0,0.0
246,0,0.0
247,0,0.0
248,1,1.0
249,0,0.04
250,0,0.04
251,0,0.012
252,1,1.0
253,1,1.0
254,0,0.21285714285714286
255,1,1.0
256,0,0.18
257,0,0.0
258,0,0.18153846153846154
259,0,0.0
260,1,1.0
261,1,1.0
262,0,0.010120481927710843
263,0,0.0
264,0,0.0
265,0,0.0
266,1,1.0
267,1,0.99
268,1,1.0
269,0,0.01
270,0,0.01
271,0,0.0
272,0,0.0
273,1,1.0
274,0,0.08
275,0,0.000625
276,0,0.01
277,1,0.93
278,0,0.032
279,0,0.03
280,0,0.0
281,0,0.05014084507042254
282,0,0.0
283,1,1.0
284,0,0.0
285,0,0.06
286,0,0.0
287,0,0.18
288,1,0.9998181818181818
289,1,0.01
290,0,0.0
291,0,0.0
292,0,0.0
293,0,0.0
294,0,0.0
295,0,0.08
296,1,1.0
297,0,0.0
298,0,0.1
299,0,0.02
300,0,0.0
301,0,0.01
302,0,0.0
303,0,0.0021204819277108435
304,1,1.0
305,0,0.0
306,0,0.02
307,0,0.13
308,0,0.0
309,0,6.116207951070337e-05
310,0,0.03
311,0,0.1215151515151515
312,0,0.010061162079510704
313,0,0.0
314,0,0.01
315,1,0.99
316,0,0.01
317,0,0.0
318,0,0.23
319,1,1.0
320,0,0.00040540540540540544
321,1,1.0
322,1,1.0
323,0,0.0
324,1,1.0
325,0,0.0
326,0,0.0
327,0,0.0
328,1,1.0
329,0,0.0
330,1,1.0
331,0,0.04
332,1,1.0
333,1,1.0
334,0,0.18
335,0,0.0
336,0,0.0
337,1,1.0
338,0,0.0
339,1,0.98
340,0,0.0004938271604938272
341,1,0.99
342,0,0.0
343,1,1.0
344,0,0.01
345,0,0.0
346,0,0.02
347,0,0.36
348,1,1.0
349,0,0.09
350,0,0.0
351,0,0.10833333333333332
352,0,0.03
353,0,0.0
354,1,1.0
355,0,0.08
356,0,0.03
357,0,0.01
358,1,1.0
359,0,0.0
360,0,0.02
361,0,0.0
362,0,0.010493827160493827
363,0,0.0
364,0,0.0
365,0,0.0025263157894736842
366,0,0.04
367,0,0.05
368,0,0.04
369,0,0.09
370,0,0.07
371,1,1.0
372,1,1.0
373,0,0.0
374,0,0.0
375,0,0.0
376,0,0.0
377,0,0.0
378,0,0.01
379,0,0.00018518518518518518
380,0,0.04
381,1,1.0
382,0,0.0
383,0,0.03
384,1,1.0
385,1,1.0
386,0,0.0
387,0,0.02
388,0,0.0
389,1,0.8368188253188253
390,0,0.01
391,0,0.04333333333333333
392,1,0.98
393,0,0.0
394,0,0.0
395,0,0.0
396,0,0.0
397,0,0.05
398,0,0.02128205128205128
399,0,0.36485347985347977
400,1,1.0
401,1,1.0
402,0,0.0016666666666666666
403,1,1.0
404,0,0.0
405,0,0.0
406,0,0.1
407,0,0.020882352941176466
408,0,0.03
409,0,0.0
410,0,0.01
411,0,0.07
412,0,0.0
413,0,0.01
414,0,0.0
415,0,0.01
416,0,0.04
417,0,0.0
418,0,0.0
419,0,0.02
420,0,0.01
421,0,0.0
422,0,0.02
423,0,0.0
424,0,0.01
425,0,0.0200611620795107
426,0,0.0
427,1,1.0
428,0,0.03
429,0,0.0
430,0,0.0
431,0,0.11
432,0,6.116207951070337e-05
433,0,0.0
434,0,0.05
435,0,0.0
436,0,0.0
437,0,0.08
438,0,0.04
439,1,1.0
440,1,1.0
441,0,0.05
442,1,1.0
443,0,0.0
444,0,0.0
445,0,0.03131713554987212
446,0,0.0
447,1,1.0
448,0,0.04
449,0,0.13
450,1,1.0
451,1,1.0
452,0,0.0
453,0,0.01
454,0,0.05
455,1,1.0
456,0,0.0
457,0,0.0
458,0,0.00040540540540540544
459,0,0.0
460,0,0.0
461,0,0.0
462,1,1.0
463,1,1.0
464,0,0.058245614035087726
465,0,0.0
466,0,0.01
467,0,0.0
468,0,0.0
469,0,0.0
470,1,1.0
471,0,0.01
472,1,1.0
473,0,0.00014084507042253522
474,0,0.01
475,0,0.0
476,0,0.0
477,0,0.03
478,0,0.0
479,0,0.0
480,0,0.0
481,1,1.0
482,1,1.0
483,1,0.024
484,1,1.0
485,1,0.53
486,0,0.011555555555555555
487,1,1.0
488,0,0.0
489,1,1.0
490,0,0.0
491,0,0.0
492,1,1.0
493,1,1.0
494,0,0.0
495,1,0.13
496,0,0.0014285714285714286
497,0,0.0
498,0,0.01
499,0,0.0
500,0,0.01
501,0,0.0
502,0,0.0
503,0,0.0
504,0,0.0
505,0,0.0
506,0,0.0
507,1,1.0
508,0,0.03
509,0,0.0
510,1,1.0
511,0,0.0
512,1,0.98
513,1,0.9998181818181818
514,1,1.0
515,0,0.0
516,0,0.01
517,0,0.00025
518,0,0.1
519,0,0.0
520,0,0.05
521,1,0.8466666666666666
522,0,6.116207951070337e-05
523,0,0.00040540540540540544
524,0,0.01
525,0,0.0
526,1,1.0
527,1,1.0
528,0,0.0
529,0,0.04014084507042254
530,1,0.9998181818181818
531,0,0.0
532,0,0.0
533,0,0.0
534,0,0.0
535,0,0.02
536,0,0.01
537,0,0.0
538,1,1.0
539,0,0.0
540,0,0.0
541,1,1.0
542,0,0.0
543,1,1.0
544,0,0.0008944954128440367
545,0,6.116207951070337e-05
546,1,1.0
547,1,0.98
548,0,0.02066666666666667
549,1,1.0
550,0,0.09
551,0,0.0
552,1,1.0
553,0,0.0
554,0,0.000625
555,0,0.04
556,1,1.0
557,0,0.01
558,0,0.0
559,0,0.03
560,0,0.13
561,0,0.0
562,0,0.0
563,0,0.0
564,0,0.0
565,0,0.0
566,0,0.0022222222222222222
567,0,0.04
568,0,0.06
569,0,0.0
570,1,1.0
571,0,0.0
572,1,0.87
573,0,0.05
574,0,0.14
575,0,0.0
576,0,0.0
577,1,0.88
578,1,1.0
579,0,0.0
580,1,1.0
581,0,0.0
582,0,0.0
583,1,1.0
584,0,0.0
585,0,0.0
586,0,0.0
587,0,0.03128205128205128
588,0,0.0
589,0,0.0
590,0,0.03
591,0,0.020140845070422533
592,0,0.01
593,0,0.02
594,0,0.0
595,0,0.0
596,1,1.0
597,0,0.0
598,0,0.01
599,0,0.02
600,0,0.01
601,0,0.12
602,0,0.0005549892400045306
603,0,0.0
604,0,0.0
605,0,0.0
606,0,0.07
607,0,0.04
608,0,0.0
609,0,0.0
610,0,0.0
611,0,0.02
612,0,0.0
613,0,0.07
614,0,0.03
615,0,0.00040540540540540544
616,0,0.01
617,0,0.0
618,0,0.011923076923076923
619,0,0.0
620,0,0.0
621,0,0.0
622,0,0.03
623,1,1.0
624,0,0.011612903225806452
625,0,0.0
626,0,0.0
627,0,0.0
628,0,0.12
629,0,0.0
630,0,0.0
631,0,0.01
632,0,0.07155555555555555
633,0,0.010140845070422535
634,0,0.0
635,0,0.0
636,1,1.0
637,0,0.01
638,0,0.0
639,0,0.0
640,0,0.0
641,0,6.116207951070337e-05
642,0,0.0
643,0,0.01
644,1,1.0
645,0,0.0400611620795107
646,0,0.08
647,0,0.22
648,0,0.0
649,1,1.0
650,0,0.0004938271604938272
651,0,0.0
652,0,0.0
653,1,1.0
654,0,0.07
655,1,0.99
656,0,0.0
657,0,0.12333333333333334
658,0,0.09
659,0,0.01
660,1,1.0
661,0,0.0
662,0,0.0
663,0,0.02
664,0,0.03
665,1,1.0
666,0,0.01
667,0,0.011555555555555555
668,0,0.0
669,1,1.0
670,0,0.010140845070422535
671,1,1.0
672,1,1.0
673,1,1.0
674,0,0.01
675,0,0.0
676,0,0.0
677,1,1.0
678,0,0.0
679,0,0.0
680,0,0.0
681,0,0.0
682,0,0.2
683,0,0.0
684,1,1.0
685,0,0.041923076923076924
686,1,1.0
687,0,0.0
688,1,1.0
689,0,0.0
690,1,0.98
691,0,0.0
692,1,1.0
693,0,0.04
694,1,0.97
695,1,1.0
696,0,0.00014084507042253522
697,0,0.0
698,1,1.0
699,0,0.0
700,1,1.0
701,0,0.27
702,0,0.0
703,0,0.0
704,0,0.09333333333333334
705,0,0.0
706,0,0.05
707,0,0.01
708,0,0.01
709,0,0.0
710,0,0.0
711,1,0.95
712,1,1.0
713,0,0.0
714,0,0.02
715,0,0.0
716,0,0.0
717,1,0.99
718,0,0.0
719,0,6.116207951070337e-05
720,0,0.0
721,1,1.0
722,1,1.0
723,0,0.003333333333333333
724,0,0.03
725,1,0.71
726,0,0.0
727,1,1.0
728,0,0.15
729,0,0.0
730,0,0.04333333333333334
731,0,0.0
732,0,0.0
733,0,0.0
734,0,0.1
735,0,0.0
736,0,0.0
737,0,0.0
738,0,0.03
739,0,0.0
740,0,0.0
741,0,0.0
742,1,1.0
743,0,0.04
744,0,0.01
745,0,6.116207951070337e-05
746,1,0.99
747,1,1.0
748,1,0.9998181818181818
749,0,0.0
750,0,0.09
751,0,0.010140845070422535
752,0,0.00014084507042253522
753,0,0.0004665674849161088
754,0,0.03
755,0,0.0
756,0,0.01
757,1,0.6009420289855073
758,0,0.0
759,1,0.03
760,0,0.0
761,0,0.0
762,0,0.01
763,0,0.0
764,0,0.0
765,0,6.116207951070337e-05
766,0,0.0
767,0,0.23
768,0,0.0
769,0,0.0
770,0,0.0
771,0,0.0
772,0,0.0
773,0,0.0
774,0,0.02
775,1,1.0
776,0,0.20071428571428573
777,0,0.0
778,0,0.0
779,0,0.0
780,1,1.0
781,1,1.0
782,0,0.0004938271604938272
783,0,0.02
784,1,1.0
785,1,0.09
786,0,0.0
787,1,0.99
788,0,6.116207951070337e-05
789,0,0.0
790,0,0.010140845070422535
791,0,0.000625
792,0,0.0
793,0,0.1
794,1,0.93
795,0,0.0
796,0,0.030140845070422535
797,0,0.115
798,0,0.0
799,1,1.0
800,0,0.34
801,0,0.0004938271604938272
802,0,0.0
803,0,0.0
804,0,0.02
805,1,1.0
806,1,1.0
807,1,1.0
808,0,0.0225
809,0,0.0
810,0,0.03
811,0,6.116207951070337e-05
812,1,0.8928571428571428
813,0,0.03838235294117647
814,0,0.06
815,0,0.0
816,0,0.0
817,0,0.0
818,1,1.0
819,0,0.00018518518518518518
820,0,0.01
821,1,1.0
822,0,0.0
823,0,0.021555555555555553
824,0,0.0
825,0,0.0
826,0,0.05
827,0,0.007333333333333334
828,0,0.01
829,0,0.04
830,0,0.0
831,1,1.0
832,0,0.05
833,0,0.0004665674849161088
834,0,0.0
835,0,0.08
836,0,0.0
837,1,1.0
838,0,0.0
839,1,0.97
840,0,0.0
841,0,0.02
842,0,0.0
843,0,0.039999999999999994
844,1,0.99
845,0,0.0
846,1,1.0
847,0,0.0
848,1,1.0
849,1,1.0
850,0,0.0
851,0,0.00125
852,0,0.0
853,0,0.002857142857142857
854,0,0.0016666666666666666
855,0,0.0
856,0,0.06
857,0,0.0
858,0,0.03
859,0,0.0
860,0,6.116207951070337e-05
861,1,1.0
862,0,0.0
863,1,0.99
864,1,1.0
865,1,1.0
866,0,0.01
867,0,0.08035714285714285
868,0,0.0
869,0,0.0
870,0,0.0
871,0,0.02
872,0,0.0
873,0,1.0
874,1,1.0
875,0,0.0
876,1,1.0
877,1,1.0
878,0,0.0
879,1,0.98
880,1,0.94
881,1,0.97
882,0,0.01
883,1,1.0
884,0,0.0
885,1,1.0
886,1,1.0
887,1,0.99
888,0,0.0
889,0,0.04
890,0,0.0
891,1,1.0
892,1,0.63
893,0,0.0
894,0,0.0
895,1,1.0
896,1,1.0
897,1,1.0
898,0,0.11
899,0,0.13
900,0,0.3075
901,0,0.0
902,1,1.0
903,0,0.01
904,0,0.0
905,1,1.0
906,0,0.03
907,0,0.0
908,0,0.01
909,0,0.0
910,0,0.21
911,1,1.0
912,0,0.0
913,0,0.0
914,1,0.99
915,0,0.02
916,1,1.0
917,0,0.0
918,1,1.0
919,0,0.02
920,0,0.0
921,0,0.02
922,1,0.95
923,0,0.0
924,0,0.01
925,0,0.25
926,0,0.01
927,1,1.0
928,0,0.0
929,0,0.042
930,0,0.0
931,0,0.0
932,0,0.01
933,0,0.0
934,1,1.0
935,0,0.04
936,0,0.01
937,1,1.0
938,0,0.0
939,0,0.0
940,1,1.0
941,0,0.0
942,0,0.010357142857142858
943,1,0.99
944,0,0.013999999999999999
945,1,1.0
946,0,0.01
947,0,0.0
948,0,0.02
949,0,0.02
950,0,0.0
951,0,0.0
952,1,1.0
953,0,0.01
954,0,0.04
955,0,0.00040540540540540544
956,0,0.24
957,1,1.0
958,0,0.0
959,0,0.0
960,0,6.116207951070337e-05
961,1,1.0
962,1,1.0
963,0,0.0
964,1,1.0
965,1,1.0
966,0,0.013571428571428573
967,0,0.00012048192771084338
968,0,0.01
969,0,0.0500611620795107
970,1,1.0
971,0,0.01
972,0,0.01
973,0,0.0
974,1,0.7466666666666667
975,0,0.01
976,0,0.0
977,0,0.14
978,0,0.0
979,0,0.0
980,0,0.02
981,0,0.10066666666666667
982,0,0.0
983,0,0.0
984,0,0.0
985,0,6.116207951070337e-05
986,0,0.0
987,0,0.07
988,0,0.24102301790281327
989,0,0.05
990,0,0.0809090909090909
991,1,1.0
992,1,1.0
993,0,6.116207951070337e-05
994,0,0.02
995,0,0.0
996,0,0.0
997,0,0.0
998,0,0.0
999,0,0.010714285714285714
1000,0,0.01
1001,1,0.97
1002,1,0.88
1003,0,0.02
1004,0,0.0
1005,0,0.012357142857142858
1006,0,0.01
1007,1,0.84
1008,1,1.0
1009,0,0.010769230769230769
1010,0,0.0
1011,0,0.0
1012,0,0.030454545454545453
1013,1,1.0
1014,0,0.01
1015,1,0.91
1016,0,0.03
1017,0,0.01
1018,0,0.06
1019,0,0.0
1020,0,0.0
1021,1,1.0
1022,0,0.021
1023,0,0.0
1024,1,1.0
1025,0,0.0
1026,0,0.01
1027,0,0.0
1028,0,0.030909090909090907
1029,0,0.0
1030,0,0.01
1031,0,0.0
1032,0,0.01
1033,1,0.9971428571428572
1034,0,0.0
1035,1,0.96
1036,1,0.6916137566137566
1037,0,0.0
1038,0,0.01
1039,1,1.0
1040,0,0.010493827160493827
1041,0,0.01
1042,0,0.0
1043,0,0.0
1044,0,0.0
1045,0,0.0
1046,0,0.11
1047,0,0.03
1048,0,0.0
1049,0,0.06
1050,0,0.0004938271604938272
1051,1,0.795
1052,1,1.0
1053,0,0.03
1054,0,0.03
1055,0,0.08
1056,1,1.0
1057,0,0.05
1058,0,0.0
1059,0,0.02
1060,1,1.0
1061,0,0.01
1062,1,0.98
1063,0,0.0
1064,0,0.0
1065,0,0.11
1066,0,0.08330659536541889
1067,0,0.01
1068,0,0.01
1069,1,0.95
1070,1,1.0
1071,0,0.0
1072,0,0.002
1073,0,0.0
1074,0,0.0
1075,0,0.01
1076,0,0.01
1077,1,1.0
1078,0,0.0
1079,0,0.013394495412844036
1080,0,0.02128205128205128
1081,1,1.0
1082,1,1.0
1083,0,0.14
1084,1,1.0
1085,1,1.0
1086,0,0.02
1087,0,0.00025
1088,0,0.0
1089,0,0.0
1090,0,0.0
1091,0,0.0
1092,0,0.010185185185185186
1093,0,0.0
1094,0,0.07
1095,0,0.0
1096,0,0.0
1097,0,0.06088235294117647
1098,0,0.0
1099,0,0.01
1100,0,0.018687782805429865
1101,1,1.0
1102,0,0.0
1103,0,0.03
1104,1,1.0
1105,0,0.0
1106,0,0.04
1107,1,1.0
1108,0,0.0
1109,0,0.03
1110,1,0.9998181818181818
1111,1,1.0
1112,0,0.04
1113,1,1.0
1114,0,0.01
1115,0,0.0
1116,0,0.0
1117,1,1.0
1118,0,0.0
1119,0,0.0
1120,1,1.0
1121,0,0.0
1122,0,0.02
1123,1,1.0
1124,0,0.0
1125,0,0.0
1126,1,1.0
1127,0,0.01
1128,0,0.0
1129,0,0.01
1130,0,0.14
1131,0,0.0
1132,0,0.0
1133,0,0.0
1134,0,0.0
1135,0,0.0
1136,1,1.0
1137,0,0.0
1138,0,0.0
1139,0,0.93
1140,0,0.02
1141,0,0.08
1142,0,0.0
1143,0,0.0
1144,1,1.0
1145,0,0.0
1146,0,0.0
1147,0,0.0
1148,0,0.01
1149,1,1.0
1150,1,1.0
1151,0,0.0
1152,1,1.0
1153,0,0.02
1154,0,0.0
1155,0,0.00012048192771084338
1156,1,1.0
1157,0,0.0
1158,0,0.0
1159,0,0.01
1160,0,0.11
1161,0,0.0
1162,1,1.0
1163,0,0.0004938271604938272
1164,0,0.05
1165,0,0.03
1166,0,0.005
1167,0,0.0
1168,0,0.05
1169,1,0.94
1170,0,0.0014285714285714286
1171,1,0.6104358974358974
1172,0,0.08
1173,0,0.0
1174,1,1.0
1175,0,0.02
1176,0,0.01
1177,0,0.0
1178,1,0.97
1179,1,1.0
1180,1,1.0
1181,1,1.0
1182,0,0.01
1183,0,0.0
1184,0,0.0
1185,0,0.03
1186,0,0.04155555555555555
1187,0,0.0
1188,0,0.0
1189,1,1.0
1190,0,0.0
1191,0,0.01
1192,0,0.01
1193,0,0.01
1194,1,1.0
1195,0,0.15
1196,0,0.0
1197,0,0.0
1198,0,0.0
1199,0,0.18
1200,0,0.21
1201,0,0.0
1202,0,0.01
1203,1,1.0
1204,0,0.00040540540540540544
1205,1,1.0
1206,0,0.08
1207,0,0.09
1208,0,0.0
1209,0,0.01
1210,1,1.0
1211,0,0.21
1212,0,0.041923076923076924
1213,1,1.0
1214,0,0.0
1215,0,0.0
1216,0,0.01
1217,0,0.04
1218,0,0.01
1219,0,0.02
1220,0,0.0
1221,1,1.0
1222,1,1.0
1223,0,0.0
1224,1,1.0
1225,0,0.02
1226,0,0.0
1227,0,0.0
1228,0,0.13
1229,1,0.98
1230,1,0.99
1231,0,0.1
1232,0,0.0
1233,0,0.0
1234,0,0.03
1235,0,0.08
1236,1,1.0
1237,0,0.0
1238,1,1.0
1239,0,0.0
1240,0,0.03
1241,0,0.0
1242,1,1.0
1243,0,0.02
1244,0,0.000625
1245,0,0.0
1246,0,0.01
1247,0,0.02
1248,0,0.0
1249,0,0.02
1250,0,0.01
1251,0,0.0
1252,0,0.011515151515151516
1253,0,0.01
1254,0,0.0
1255,0,0.01
1256,0,0.06
1257,0,0.0
1258,0,0.0200611620795107
1259,1,1.0
1260,0,0.030606060606060605
1261,1,1.0
1262,1,1.0
1263,0,0.02
1264,0,0.0
1265,1,1.0
1266,1,1.0
1267,0,0.04
1268,0,0.0
1269,1,0.99
1270,0,0.07
1271,0,0.0
1272,0,0.0
1273,0,6.116207951070337e-05
1274,0,0.08
1275,0,0.0
1276,1,1.0
1277,1,0.7846212121212122
1278,0,0.05
1279,0,0.0
1280,1,1.0
1281,1,1.0
1282,0,0.000625
1283,0,0.03
1284,0,0.04
1285,0,0.0
1286,1,1.0
1287,0,0.03
1288,1,0.99
1289,0,0.0
1290,0,0.0
1291,0,0.0
1292,0,0.0
1293,1,1.0
1294,1,1.0
1295,0,0.01
1296,0,0.01
1297,0,0.0
1298,1,1.0
1299,0,0.08
1300,0,0.0
1301,0,0.010120481927710843
1302,1,1.0
1303,0,0.01
1304,0,0.0
1305,0,0.0
1306,1,1.0
1307,1,1.0
1308,0,0.105
1309,0,0.0
1310,0,0.01
1311,0,0.02
1312,0,0.0
1313,0,0.0
1314,1,1.0
1315,0,0.05
1316,0,0.0
1317,1,1.0
1318,1,1.0
1319,0,0.010185185185185186
1320,1,1.0
1321,0,0.0
1322,1,0.88
1323,0,0.02
1324,1,1.0
1325,0,0.00025
1326,0,0.0
1327,1,0.89
1328,0,0.04
1329,1,0.7
1330,0,0.01
1331,0,0.0
1332,0,0.01
1333,0,6.116207951070337e-05
1334,0,0.0
1335,0,0.03
1336,0,0.0
1337,0,0.04
1338,0,0.0
1339,1,0.9991666666666665
1340,0,0.04
1341,0,0.01
1342,0,0.02
1343,0,0.006666666666666666
1344,0,0.03
1345,0,0.05
1346,0,0.01
1347,0,0.0
1348,0,0.0
1349,0,0.03
1350,0,0.0
1351,1,0.9998181818181818
1352,1,1.0
1353,1,0.97
1354,0,0.0
1355,0,0.05
1356,0,0.192
1357,0,0.0
1358,0,0.01
1359,0,0.0
1360,0,0.0
1361,0,0.0
1362,0,0.00012048192771084338
1363,0,0.01
1364,1,1.0
1365,0,0.0
1366,0,0.08462048192771085
1367,0,0.0
1368,0,0.0
1369,0,0.02
1370,0,6.116207951070337e-05
1371,0,0.0
1372,0,0.08
1373,0,0.0
1374,1,1.0
1375,0,0.0
1376,1,1.0
1377,0,0.02
1378,0,0.0
1379,0,0.01
1380,0,0.0
1381,0,0.0
1382,0,0.00014084507042253522
1383,0,0.0
1384,0,0.010120481927710843
1385,0,0.0
1386,0,0.0
1387,1,0.9366666666666665
1388,0,6.116207951070337e-05
1389,1,1.0
1390,1,1.0
1391,0,0.0
1392,0,0.02
1393,0,0.12
1394,0,0.0
1395,0,0.0
1396,1,0.94
1397,1,1.0
1398,0,0.0
1399,0,0.01
1400,0,0.01
1401,0,0.0
1402,0,0.0
1403,0,0.47
1404,0,0.0
1405,0,0.0
1406,0,0.05
1407,0,0.0
1408,0,0.0
1409,0,0.0
1410,1,1.0
1411,0,0.03
1412,1,0.9983333333333334
1413,0,0.0
1414,0,0.0
1415,0,0.0
1416,0,0.0
1417,0,0.0
1418,0,0.01
1419,1,1.0
1420,1,1.0
1421,1,1.0
1422,0,0.02
1423,0,0.0
1424,0,0.0
1425,0,0.00012048192771084338
1426,0,0.0
1427,0,0.07155555555555555
1428,0,0.0
1429,0,0.0
1430,1,1.0
1431,1,1.0
1432,0,0.03
1433,0,0.0
1434,0,0.0
1435,0,0.0
1436,0,0.0
1437,1,1.0
1438,0,0.0
1439,0,1.0
1440,0,0.0
1441,0,0.10333333333333333
1442,0,0.08166666666666667
1443,0,0.0
1444,0,0.03
1445,0,0.0
1446,0,0.13
1447,0,0.08
1448,0,0.011111111111111112
1449,0,0.0
1450,1,1.0
1451,1,0.99
1452,0,0.01
1453,0,0.0
1454,0,0.09
1455,0,0.0
1456,0,0.04
1457,0,0.02
1458,0,0.0
1459,1,0.99
1460,0,0.0
1461,0,0.01
1462,0,0.0
1463,0,0.03
1464,1,1.0
1465,1,1.0
1466,0,0.0
1467,0,0.02
1468,0,0.000625
1469,0,0.0
1470,0,0.04
1471,0,0.9828571428571428
1472,0,0.0
1473,0,0.01
1474,1,1.0
1475,0,0.02
1476,1,0.77
1477,1,1.0
1478,0,0.04
1479,0,0.0
1480,1,1.0
1481,0,0.0
1482,1,1.0
1483,0,0.00045454545454545455
1484,0,0.0
1485,1,0.97
1486,0,0.05
1487,0,0.0
1488,1,1.0
1489,1,1.0
1490,1,0.9385714285714286
1491,0,0.0
1492,0,0.0
1493,1,1.0
1494,0,0.01
1495,0,0.05
1496,0,0.01
1497,1,0.0025
1498,0,0.0
1499,0,0.0
1500,1,1.0
1501,0,0.0
1502,0,0.0
1503,0,0.02913131313131313
1504,0,0.0
1505,0,0.004
1506,0,0.0
1507,1,0.9928571428571428
1508,0,0.01
1509,1,1.0
1510,0,0.02
1511,1,1.0
1512,0,0.18
1513,0,0.0
1514,0,0.0
1515,0,0.0
1516,0,0.0
1517,0,0.0
1518,0,0.0
1519,0,0.0
1520,0,0.0
1521,1,0.84
1522,1,0.94
1523,0,0.01
1524,1,0.99
1525,1,0.98
1526,0,0.07157894736842105
1527,0,0.0
1528,0,0.04
1529,0,0.01
1530,0,0.0
1531,0,0.01
1532,0,0.06171683389074694
1533,0,0.0
1534,0,0.09
1535,0,0.01
1536,0,0.010120481927710843
1537,0,0.03
1538,0,0.0
1539,0,6.116207951070337e-05
1540,1,0.951923076923077
1541,1,1.0
1542,1,0.7526086956521739
1543,0,0.01
1544,0,0.0
1545,0,0.21
1546,0,0.0
1547,0,0.0
1548,1,1.0
1549,0,0.07
1550,1,1.0
1551,0,0.07
1552,0,0.0
1553,0,0.0
1554,0,0.0
1555,1,1.0
1556,0,0.0
1557,0,0.0
1558,0,0.03
1559,0,0.02335164835164835
1560,1,0.98
1561,1,1.0
1562,0,0.010606060606060605
1563,0,0.0
1564,0,0.0
1565,0,0.02
1566,1,1.0
1567,0,0.04
1568,1,0.74
1569,0,0.08
1570,0,0.0
1571,0,0.0
1572,1,1.0
1573,0,0.08
1574,0,0.1
1575,0,0.0
1576,0,0.0
1577,0,0.0
1578,1,0.97
1579,0,0.0004938271604938272
1580,0,0.29
1581,0,0.0
1582,0,0.01
1583,1,1.0
1584,1,1.0
1585,0,0.08
1586,0,0.04
1587,0,0.02
1588,0,0.03
1589,1,0.87
1590,0,0.03
1591,0,0.0
1592,0,0.0
1593,0,0.0
1594,1,1.0
1595,0,0.0
1596,0,0.0
1597,0,0.0
1598,0,0.0
1599,0,0.11
1600,0,0.054000000000000006
1601,1,0.9385714285714286
1602,1,1.0
1603,0,0.0
1604,1,1.0
1605,0,0.07161290322580645
1606,0,0.021375291375291375
1607,0,0.0
1608,0,0.03
1609,0,0.030120481927710843
1610,0,0.03
1611,0,0.19
1612,0,0.0
1613,0,0.05357142857142857
1614,0,0.04333333333333334
1615,0,0.0
1616,1,1.0
1617,1,1.0
1618,0,0.04
1619,0,0.0
1620,0,0.0
1621,0,0.04
1622,0,0.005
1623,0,0.0
1624,0,6.116207951070337e-05
1625,0,0.0
1626,0,0.021555555555555553
1627,1,1.0
1628,0,0.0
1629,1,1.0
1630,0,0.03
1631,0,0.05
1632,0,0.021
1633,0,0.0
1634,0,0.01
1635,0,0.01
1636,0,0.08
1637,0,0.0
1638,1,0.7
1639,1,0.99
1640,0,0.01
1641,1,1.0
1642,0,0.07
1643,0,0.0
1644,0,0.0
1645,1,0.9598181818181818
1646,1,1.0
1647,0,0.002
1648,0,0.02
1649,1,0.95
1650,1,1.0
1651,0,0.0
1652,0,0.0
1653,0,0.0
1654,0,0.04
1655,0,0.0
1656,0,0.0
1657,0,0.01
1658,0,0.0
1659,0,0.06142857142857142
1660,0,0.1275
1661,0,0.01
1662,0,0.00172782874617737
1663,0,0.0
1664,0,0.0
1665,0,0.0
1666,0,0.0
1667,0,0.04
1668,0,0.39
1669,0,0.0
1670,0,0.0
1671,1,0.99
1672,0,0.0
1673,0,6.116207951070337e-05
1674,0,0.0004938271604938272
1675,0,0.0
1676,0,0.0
1677,0,0.0
1678,0,0.01
1679,1,1.0
1680,0,0.0
1681,0,0.00043478260869565214
1682,0,0.0
1683,0,0.05
1684,0,0.01
1685,0,0.0
1686,0,0.0
1687,1,1.0
1688,0,0.0
1689,0,0.0
1690,0,0.0
1691,0,0.01
1692,1,0.94
1693,1,1.0
1694,1,0.95
1695,0,0.0
1696,0,0.0
1697,0,0.0
1698,0,0.03
1699,0,0.0
1700,1,1.0
1701,0,0.0
1702,0,0.0
1703,0,0.0
1704,0,0.00014084507042253522
1705,1,1.0
1706,0,0.0
1707,1,0.9928571428571428
1708,0,0.01
1709,0,0.03
1710,0,0.0
1711,0,0.0
1712,0,0.0
1713,0,0.0
1714,0,0.0
1715,0,0.06
1716,1,1.0
1717,0,0.0022222222222222222
1718,1,1.0
1719,0,0.0
1720,0,0.03
1721,0,0.0
1722,0,0.287
1723,0,0.00018518518518518518
1724,0,0.01
1725,1,0.99
1726,1,1.0
1727,0,0.0014285714285714286
1728,0,0.0
1729,1,1.0
1730,1,1.0
1731,0,0.0
1732,0,0.02161290322580645
1733,0,0.04
1734,0,0.09
1735,0,0.0
1736,1,1.0
1737,0,0.0
1738,0,0.14
1739,0,0.0
1740,1,0.89
1741,0,0.00018518518518518518
1742,0,0.01
1743,0,0.0
1744,0,0.0
1745,0,0.0
1746,0,0.1
1747,0,0.0
1748,0,0.0
1749,1,1.0
1750,1,0.99
1751,0,0.022023809523809522
1752,0,0.0
1753,0,6.116207951070337e-05
1754,0,0.03
1755,0,0.0
1756,0,0.0
1757,1,0.99
1758,0,0.0
1759,0,0.01
1760,0,0.0
1761,0,0.044853479853479844
1762,0,0.0
1763,0,0.05
1764,0,0.010625
1765,0,0.01
1766,0,0.0
1767,0,0.0
1768,1,1.0
1769,1,0.07
1770,0,0.0
1771,0,0.012857142857142855
1772,0,0.01
1773,0,0.01
1774,0,0.0
1775,1,1.0
1776,0,0.01
1777,0,0.0
1778,0,0.02
1779,0,0.05
1780,1,1.0
1781,0,0.01
1782,0,0.0075
1783,0,0.06333333333333332
1784,0,0.23
1785,1,1.0
1786,0,0.0
1787,0,0.01
1788,0,0.0
1789,0,0.17
1790,0,0.0
1791,0,0.03
1792,0,0.09
1793,0,0.19
1794,1,0.86
1795,1,0.71
1796,0,0.14
1797,0,0.12
1798,0,0.07
1799,0,0.01
1800,0,0.0
1801,1,1.0
1802,0,0.0
1803,1,1.0
1804,0,0.0
1805,0,0.00012048192771084338
1806,0,0.46
1807,0,6.116207951070337e-05
1808,0,0.03
1809,0,0.21425
1810,0,0.01
1811,1,1.0
1812,0,0.05
1813,0,0.0
1814,1,0.6772882205513785
1815,0,0.0
1816,0,0.0
1817,0,0.025833333333333333
1818,0,0.0200611620795107
1819,1,1.0
1820,0,0.021314496314496313
1821,0,0.0
1822,0,0.0
1823,1,0.99
1824,1,1.0
1825,0,0.0
1826,1,1.0
1827,0,0.03166666666666666
1828,0,0.010120481927710843
1829,0,0.0
1830,0,0.04
1831,0,0.0
1832,0,0.0
1833,0,0.0
1834,0,0.0
1835,1,1.0
1836,0,0.01
1837,0,0.0
1838,1,1.0
1839,0,0.0
1840,0,0.0
1841,1,1.0
1842,0,6.116207951070337e-05
1843,0,0.0
1844,0,0.02
1845,0,0.06
1846,1,1.0
1847,0,0.0
1848,0,0.01
1849,0,0.0
1850,0,0.01
1851,0,0.0
1852,0,0.002
1853,0,0.0
1854,0,0.01
1855,0,0.11
1856,0,0.0
1857,0,0.01
1858,0,0.14
1859,1,1.0
1860,1,1.0
1861,0,0.0
1862,0,0.00012048192771084338
1863,0,0.02
1864,0,0.09
1865,0,0.021954887218045113
1866,1,0.99
1867,0,0.0
1868,0,0.0
1869,1,1.0
1870,1,1.0
1871,0,0.0
1872,0,0.002857142857142857
1873,0,0.01
1874,1,0.94
1875,1,0.6221428571428571
1876,0,0.0
1877,0,0.01
1878,0,0.06
1879,0,0.0
1880,1,1.0
1881,0,0.0
1882,1,0.7526086956521739
1883,0,0.1
1884,0,0.0
1885,1,1.0
1886,0,0.03322222222222222
1887,0,0.0
1888,0,0.0
1889,1,1.0
1890,0,0.0
1891,0,0.013333333333333332
1892,0,0.02
1893,0,0.0
1894,1,1.0
1895,0,0.0
1896,0,0.04
1897,1,1.0
1898,0,0.0
1899,0,0.0
1900,0,0.0
1901,1,1.0
1902,0,0.0
1903,1,1.0
1904,0,6.116207951070337e-05
1905,0,0.0
1906,1,1.0
1907,0,0.0
1908,1,1.0
1909,0,0.0
1910,0,0.0
1911,0,0.0
1912,0,0.00012048192771084338
1913,0,0.01
1914,1,0.69
1915,0,0.026666666666666665
1916,0,0.0
1917,0,0.0
1918,1,1.0
1919,1,1.0
1920,1,1.0
1921,0,0.0
1922,0,0.0
1923,1,1.0
1924,0,0.0
1925,0,0.0019230769230769232
1926,0,0.0
1927,0,0.0
1928,0,0.05
1929,0,0.0
1930,0,0.0
1931,0,0.006
1932,0,6.116207951070337e-05
1933,0,0.07
1934,1,0.87
1935,1,1.0
1936,0,0.0575
1937,0,0.010454545454545454
1938,0,0.00018518518518518518
1939,0,0.02
1940,0,0.0022833843017329254
1941,0,0.01
1942,0,0.0
1943,0,0.010894495412844036
1944,0,0.010769230769230769
1945,0,0.05
1946,1,1.0
1947,0,0.03
1948,1,1.0
1949,0,0.011111111111111112
1950,0,0.01
1951,0,0.010061162079510704
1952,0,0.0
1953,1,1.0
1954,0,0.01
1955,0,0.02
1956,0,0.02
1957,0,0.02
1958,1,0.06
1959,0,0.0
1960,0,0.02
1961,0,0.0
1962,0,0.09
1963,0,0.0
1964,0,0.0
1965,1,0.99875
1966,0,0.01
1967,0,0.0
1968,0,0.0
1969,0,0.03
1970,0,0.01
1971,0,0.0
1972,0,0.01
1973,0,0.01
1974,0,0.0
1975,0,0.011818181818181818
1976,0,0.0
1977,1,1.0
1978,1,1.0
1979,1,1.0
1980,0,0.0
1981,0,0.0
1982,0,0.02
1983,0,0.10333333333333332
1984,0,0.0
1985,1,0.98
1986,0,0.0011111111111111111
1987,0,0.0004938271604938272
1988,0,0.01
1989,0,0.02
1990,0,0.0
1991,0,0.0
1992,1,1.0
1993,0,0.0
1994,0,0.02
1995,0,0.0
1996,0,0.0
1997,0,0.02128205128205128
1998,0,0.010493827160493827
1999,1,1.0
2000,0,0.0
2001,0,0.01
2002,0,0.01
2003,0,0.011666666666666667
2004,0,0.0
2005,0,0.0
2006,0,0.013453815261044175
2007,0,0.02
2008,0,0.0
2009,0,0.09333333333333334
2010,0,0.09
2011,0,0.02
2012,0,0.0
2013,0,0.0
2014,0,0.02
2015,0,0.3219230769230769
2016,0,0.0
2017,0,0.05
2018,0,0.01
2019,1,0.989375
2020,1,1.0
2021,0,6.116207951070337e-05
2022,0,0.03
2023,0,0.0
2024,0,0.030588235294117645
2025,0,0.06
2026,0,0.0
2027,0,0.0
2028,0,0.01
2029,0,0.010493827160493827
2030,1,1.0
2031,0,0.17
2032,0,0.0
2033,0,0.010120481927710843
2034,0,0.03
2035,0,0.0
2036,0,0.040120481927710845
2037,0,0.0554054054054054
2038,0,0.07
2039,0,0.0
2040,1,1.0
2041,0,0.04
2042,0,0.02
2043,0,0.0
2044,0,0.00018518518518518518
2045,0,0.19333333333333333
2046,0,0.04
2047,0,0.08
2048,0,0.18
2049,0,0.0
2050,0,0.02
2051,0,0.01
2052,0,0.021
2053,0,0.030588235294117645
2054,0,0.0
2055,1,1.0
2056,1,0.7
2057,0,0.0
2058,0,0.00014084507042253522
2059,0,0.02
2060,1,1.0
2061,1,1.0
2062,1,0.99
2063,1,1.0
2064,0,0.02111882716049383
2065,1,0.99
2066,0,0.0
2067,1,1.0
2068,0,0.00025
2069,1,1.0
2070,1,1.0
2071,0,0.03
2072,1,1.0
2073,0,0.0
2074,1,1.0
2075,0,0.0
2076,0,6.116207951070337e-05
2077,0,0.0
2078,0,0.0
2079,0,0.0
2080,0,0.04
2081,0,0.00040540540540540544
2082,0,0.0
2083,0,0.0
2084,0,0.01
2085,0,0.06
2086,0,0.03
2087,0,0.0
2088,0,0.08
2089,1,1.0
2090,0,0.01
2091,1,1.0
2092,0,0.0
2093,0,0.00040540540540540544
2094,0,0.0
2095,0,0.01
2096,0,0.0
2097,0,0.02
2098,0,0.0
2099,0,0.0
2100,0,0.02
2101,0,0.01
2102,1,0.6772882205513785
2103,0,0.01
2104,0,0.0
2105,0,0.0
2106,0,0.0
2107,0,0.01
2108,0,0.08
2109,0,0.1
2110,1,1.0
2111,0,0.20197004608294933
2112,0,0.01
2113,0,0.0
2114,0,0.07
2115,1,1.0
2116,1,1.0
2117,0,0.0
2118,0,0.05
2119,1,0.89
2120,0,0.0
2121,0,0.0
2122,0,0.0
2123,0,0.0
2124,0,0.0
2125,0,0.06
2126,0,0.02
2127,1,0.91
2128,0,0.0
2129,0,0.01
2130,1,1.0
2131,1,1.0
2132,1,1.0
2133,0,0.0
2134,0,0.032
2135,1,1.0
2136,0,0.1
2137,0,0.01
2138,0,0.010120481927710843
2139,1,1.0
2140,0,0.0
2141,0,0.0
2142,0,0.0
2143,0,0.0
2144,1,1.0
2145,1,1.0
2146,0,0.0
2147,0,0.01
2148,0,0.01
2149,0,0.0
2150,0,0.0
2151,1,1.0
2152,0,0.03
2153,0,0.0
2154,0,0.0
2155,0,0.0
2156,0,0.03
2157,0,0.0
2158,0,0.0
2159,0,0.04
2160,0,0.0
2161,0,6.116207951070337e-05
2162,1,0.999375
2163,1,1.0
2164,1,1.0
2165,0,0.0
2166,0,0.0
2167,0,0.0
2168,1,1.0
2169,1,1.0
2170,0,0.0
2171,0,0.0
2172,0,0.0
2173,0,0.06
2174,1,1.0
2175,1,1.0
2176,0,0.0
2177,0,0.01
2178,0,0.06
2179,0,0.0
2180,0,0.02
2181,0,0.16
2182,0,0.01
2183,0,0.0
2184,0,0.21
2185,0,0.0
2186,1,1.0
2187,1,1.0
2188,0,0.0
2189,1,0.99
2190,0,0.01
2191,0,0.01
2192,0,0.0
2193,1,1.0
2194,0,0.0
2195,0,0.07
2196,0,0.0
2197,0,0.0
2198,0,0.0
2199,0,0.01
2200,0,0.0
2201,0,0.00045454545454545455
2202,0,0.0
2203,1,1.0
2204,0,0.032424242424242425
2205,0,6.116207951070337e-05
2206,0,0.0
2207,1,0.45
2208,0,0.0
2209,0,0.0
2210,0,0.010434782608695651
2211,0,0.0
2212,0,0.06
2213,0,0.0
2214,0,0.02
2215,0,0.0
2216,0,0.0006060606060606061
2217,0,0.00018518518518518518
2218,1,1.0
2219,0,0.0
2220,0,0.0
2221,0,0.0
2222,0,0.0
2223,0,0.11
2224,1,1.0
2225,0,0.04
2226,0,0.08
2227,0,0.01
2228,0,0.13
2229,1,1.0
2230,0,0.03
2231,0,0.002
2232,1,1.0
2233,0,0.00040540540540540544
2234,0,0.0
2235,0,0.0
2236,1,1.0
2237,1,1.0
2238,1,0.8671642512077296
2239,0,0.05
2240,0,0.05
2241,0,0.07
2242,0,0.0
2243,1,0.97
2244,0,0.01
2245,0,0.0
2246,0,0.0
2247,0,0.0
2248,0,0.0
2249,0,0.05
2250,0,0.0
2251,0,0.02
2252,1,0.9998181818181818
2253,0,0.0
2254,1,0.94
2255,0,0.03
2256,0,0.01
2257,0,0.05
2258,1,0.99
2259,1,1.0
2260,0,0.0
2261,0,0.0
2262,1,0.6875
2263,0,0.0
2264,1,1.0
2265,0,0.0
2266,1,1.0
2267,0,0.0
2268,0,0.0
2269,0,0.0
2270,1,1.0
2271,0,0.0004938271604938272
2272,0,0.0
2273,1,0.97
2274,0,0.0
2275,1,1.0
2276,0,0.0
2277,1,0.772
2278,0,0.09
2279,1,0.98
2280,0,0.002857142857142857
2281,0,0.01
2282,1,1.0
2283,1,1.0
2284,0,0.00040540540540540544
2285,0,0.04
2286,0,0.0
2287,0,0.0
2288,0,0.0
2289,0,0.014249999999999999
2290,0,0.0
2291,0,0.0
2292,0,0.11
2293,0,0.00040540540540540544
2294,0,0.0
2295,0,0.0
2296,0,0.02
2297,0,0.0
2298,0,0.0
2299,0,0.0
2300,1,1.0
2301,0,0.02
2302,1,0.9998181818181818
2303,0,0.0
2304,0,0.02
2305,0,0.0
2306,1,1.0
2307,0,0.0004665674849161088
2308,1,1.0
2309,0,0.0
2310,0,0.05142857142857142
2311,0,0.02
2312,0,0.05
2313,1,0.05
2314,0,0.05161375661375661
2315,1,1.0
2316,0,0.0
2317,1,0.8883333333333333
2318,0,0.0
2319,0,0.0
2320,0,0.04
2321,0,0.0
2322,1,1.0
2323,0,0.01
2324,0,0.0
2325,0,0.0
2326,0,0.01
2327,0,0.0
2328,1,1.0
2329,0,0.01
2330,0,0.0
2331,0,0.0
2332,0,0.0
2333,0,0.0
2334,0,0.41
2335,0,0.15
2336,0,0.0
2337,0,0.02
2338,0,0.0
2339,0,0.0
2340,1,1.0
2341,0,0.0
2342,1,1.0
2343,1,1.0
2344,0,0.0
2345,0,0.02
2346,0,0.011990338164251208
2347,1,1.0
2348,0,0.01
2349,1,1.0
2350,0,0.0
2351,1,1.0
2352,0,0.04
2353,0,0.0004938271604938272
2354,0,0.0
2355,0,0.020769230769230766
2356,1,1.0
2357,0,0.01
2358,0,0.000625
2359,0,0.01
2360,0,0.0
2361,0,0.0
2362,0,0.0
2363,0,0.0
2364,0,0.0
2365,0,0.01
2366,1,1.0
2367,0,0.03192307692307692
2368,0,0.09
2369,0,6.116207951070337e-05
2370,0,0.010434782608695651
2371,0,0.00045454545454545455
2372,1,1.0
2373,0,0.01
2374,1,1.0
2375,0,0.0
2376,0,0.0
2377,0,0.03
2378,0,0.0
2379,0,0.0
2380,0,0.0
2381,0,0.06
2382,0,0.01
2383,0,0.01
2384,1,1.0
2385,0,0.02
2386,0,0.0
2387,0,0.0
2388,0,0.01
2389,0,6.116207951070337e-05
2390,0,0.0
2391,0,0.12
2392,0,0.02
2393,0,0.0
2394,0,0.0
2395,1,1.0
2396,1,1.0
2397,1,1.0
2398,0,0.01
2399,0,0.0
2400,0,0.0
2401,0,0.15
2402,0,0.0
2403,0,0.0
2404,0,0.02
2405,0,0.0006060606060606061
2406,0,0.05161375661375661
2407,0,0.01
2408,0,0.00014084507042253522
2409,0,0.02
2410,1,0.6264285714285714
2411,0,0.0
2412,0,0.0
2413,1,1.0
2414,0,0.06
2415,0,0.01
2416,0,0.0
2417,0,0.0
2418,0,0.01
2419,0,0.0
2420,1,0.7
2421,0,0.0
2422,0,0.0
2423,0,0.02
2424,0,0.0
2425,0,0.0
2426,0,0.0
2427,1,1.0
2428,0,0.01
2429,1,1.0
2430,0,0.0
2431,0,0.2
2432,1,0.93
2433,0,0.0
2434,0,0.0007142857142857143
2435,0,6.116207951070337e-05
2436,0,0.0
2437,0,0.02
2438,0,0.0
2439,0,0.020882352941176473
2440,0,0.01
2441,0,0.14
2442,1,1.0
2443,0,0.01
2444,1,1.0
2445,0,0.06
2446,1,0.86
2447,0,0.01
2448,0,0.12
2449,0,0.51
2450,0,0.05
2451,0,0.00040540540540540544
2452,0,0.0
2453,1,1.0
2454,0,0.0
2455,1,0.9991666666666665
2456,1,1.0
2457,0,0.0
2458,0,0.01
2459,0,0.0
2460,0,0.010249999999999999
2461,0,0.0
2462,0,0.0
2463,0,0.13610389610389612
2464,0,0.03
2465,0,0.0
2466,1,1.0
2467,0,0.02142857142857143
2468,0,0.0
2469,0,0.05
2470,0,0.04
2471,1,1.0
2472,0,0.0
2473,1,1.0
2474,0,0.0
2475,0,0.0
2476,0,6.116207951070337e-05
2477,0,0.0
2478,1,1.0
2479,1,1.0
2480,0,0.03142857142857143
2481,0,0.0
2482,1,1.0
2483,0,0.03
2484,0,0.0
2485,0,0.0
2486,1,1.0
2487,0,0.02
2488,0,0.0
2489,0,0.0
2490,0,0.0
2491,0,0.0
2492,1,0.99
2493,0,0.0008944954128440367
2494,0,0.0
2495,1,1.0
2496,0,0.0
2497,0,0.01
2498,1,1.0
2499,1,1.0
2500,1,0.83
2501,0,0.0
2502,0,0.04
2503,0,0.0
2504,0,0.0
2505,0,0.01
2506,0,0.00025
2507,1,1.0
2508,0,0.01
2509,0,0.02
2510,0,0.010061162079510704
2511,0,0.0
2512,0,0.0
2513,0,0.06
2514,0,0.0
2515,0,0.00040540540540540544
2516,1,1.0
2517,0,0.021818181818181816
2518,0,0.0
2519,0,0.225
2520,0,0.01
2521,0,0.016666666666666666
2522,1,1.0
2523,1,1.0
2524,1,1.0
2525,1,0.6319166666666667
2526,1,0.6319166666666667
2527,0,0.0
2528,0,0.02
2529,0,0.0
2530,1,0.9991666666666665
2531,1,1.0
2532,0,0.05
2533,0,0.0
2534,0,0.000625
2535,0,6.116207951070337e-05
2536,0,0.0
2537,0,0.0
2538,0,0.0
2539,0,0.0
2540,0,0.0
2541,0,0.0
2542,0,0.0
2543,0,0.0
2544,0,0.04666666666666666
2545,1,1.0
2546,1,1.0
2547,0,0.0
2548,0,0.0
2549,0,0.0
2550,0,0.0
2551,0,0.010769230769230769
2552,0,0.0
2553,1,0.0
2554,0,0.0
2555,0,0.0
2556,0,0.0
2557,1,0.9
2558,0,0.0
2559,0,0.02
2560,1,1.0
2561,0,0.02
2562,0,0.07
2563,0,0.0
2564,0,0.0
2565,0,0.03
2566,0,0.0
2567,0,0.03
2568,1,1.0
2569,0,0.01
2570,0,0.01
2571,0,0.0
2572,0,0.06
2573,0,0.13
2574,0,0.0
2575,0,0.0
2576,1,1.0
2577,0,0.01
2578,0,0.0
2579,0,0.12
2580,0,0.0
2581,0,0.0
2582,0,0.0
2583,0,0.0
2584,0,0.0
2585,0,0.0
2586,0,0.0
2587,0,0.02
2588,0,0.0
2589,1,1.0
2590,0,0.0
2591,1,1.0
2592,1,1.0
2593,0,0.0
2594,0,0.03
2595,0,0.04
2596,1,1.0
2597,0,0.0
2598,0,0.03
2599,0,0.0
2600,0,0.0
2601,0,0.0
2602,1,1.0
2603,0,0.00125
2604,0,0.0
2605,0,0.0
2606,0,0.0
2607,0,0.0
2608,0,0.0
2609,0,0.0
2610,1,1.0
2611,1,1.0
2612,0,0.04
2613,1,0.98
2614,0,0.0007692307692307692
2615,0,0.050625
2616,0,0.0
2617,0,0.0200611620795107
2618,0,0.0
2619,0,0.03
2620,0,0.0
2621,1,1.0
2622,0,0.0
2623,0,0.03
2624,1,1.0
2625,0,0.0
2626,1,1.0
2627,1,1.0
2628,0,0.0
2629,1,1.0
2630,0,0.12
2631,0,0.0
2632,0,0.0
2633,0,6.116207951070337e-05
2634,0,0.0
2635,0,0.13
2636,1,1.0
2637,0,0.15
2638,0,0.0
2639,1,1.0
2640,0,0.02
2641,1,1.0
2642,0,0.0
2643,0,0.23197004608294933
2644,0,0.0
2645,1,0.69
2646,0,0.01
2647,0,0.10488142292490117
2648,1,1.0
2649,0,0.01
2650,0,0.02
2651,0,0.0
2652,0,0.0
2653,0,0.0
2654,0,0.0
2655,1,1.0
2656,0,0.0
2657,1,1.0
2658,0,0.13
2659,0,0.13
2660,0,0.0
2661,1,1.0
2662,0,0.02
2663,0,0.01
2664,0,0.0
2665,0,0.0
2666,0,0.04
2667,0,0.01
2668,0,6.116207951070337e-05
2669,1,1.0
2670,0,0.02
2671,0,0.01
2672,1,0.95
2673,0,0.0
2674,1,1.0
2675,0,0.061612903225806454
2676,1,1.0
2677,1,1.0
2678,0,6.116207951070337e-05
2679,1,1.0
2680,0,0.0018181818181818182
2681,0,0.003333333333333333
2682,0,0.0
2683,0,0.0
2684,0,0.0
2685,0,0.0
2686,0,0.0010304054054054055
2687,0,0.12
2688,0,0.0
2689,0,0.0
2690,0,0.0
2691,0,0.01
2692,0,0.02
2693,0,0.01
2694,0,0.02
2695,0,0.01
2696,0,0.010061162079510704
2697,0,0.05
2698,0,0.0
2699,0,0.0
2700,0,0.0
2701,0,0.02
2702,0,0.0
2703,1,0.9666666666666666
2704,0,0.0
2705,0,0.04
2706,0,0.04
2707,1,1.0
2708,0,0.01
2709,0,0.0
2710,0,0.0
2711,0,0.0200611620795107
2712,0,0.0
2713,1,1.0
2714,0,0.07
2715,0,0.25464285714285717
2716,0,0.01
2717,0,0.0
2718,0,0.0
2719,0,6.116207951070337e-05
2720,0,0.0
2721,1,1.0
2722,0,0.0
2723,0,0.0
2724,0,0.07285714285714286
2725,0,0.08
2726,0,0.0
2727,0,0.01
2728,1,0.98
2729,1,0.99
2730,1,1.0
2731,0,0.05
2732,1,0.7315789473684211
2733,1,1.0
2734,0,0.0
2735,0,0.0
2736,1,1.0
2737,0,0.0
2738,1,0.96
2739,1,1.0
2740,1,1.0
2741,0,0.01
2742,1,0.03
2743,0,0.0
2744,0,0.03
2745,0,0.0
2746,0,0.04
2747,0,0.0
2748,0,0.013474178403755867
2749,0,0.0
2750,0,0.0
2751,0,0.01
2752,0,0.0
2753,0,0.0
2754,0,0.0
2755,0,0.0
2756,0,0.07
2757,1,1.0
2758,0,0.19
2759,0,6.116207951070337e-05
2760,0,0.004
2761,1,1.0
2762,0,0.0
2763,1,1.0
2764,0,0.0
2765,1,1.0
2766,1,1.0
2767,1,0.99
2768,1,0.99
2769,0,0.03
2770,0,0.0
2771,1,1.0
2772,0,0.0
2773,1,1.0
2774,0,0.02
2775,0,0.0
2776,1,1.0
2777,1,0.68
2778,0,0.07
2779,1,1.0
2780,0,0.030882352941176472
2781,1,1.0
2782,0,0.0
2783,0,0.00035714285714285714
2784,0,0.0
2785,0,0.0
2786,1,1.0
2787,0,0.03
2788,0,0.0
2789,1,1.0
2790,0,0.0
2791,0,0.00025
2792,0,0.0
2793,0,0.35
2794,0,0.03
2795,0,0.19
2796,1,1.0
2797,0,6.116207951070337e-05
2798,0,0.06
2799,1,1.0
2800,0,0.0
2801,0,0.00012048192771084338
2802,0,0.0
2803,0,0.0
2804,0,0.02
2805,0,0.0275
2806,0,0.00026132699813337856
2807,0,0.0
2808,0,0.01
2809,0,0.0
2810,0,0.22
2811,0,0.02
2812,1,1.0
2813,0,0.01
2814,0,0.0015555555555555557
2815,0,0.0
2816,0,0.0
2817,0,0.15
2818,0,0.01
2819,0,0.0
2820,0,0.01
2821,0,0.03
2822,0,0.02055498924000453
2823,0,0.0
2824,0,0.01
2825,1,1.0
2826,0,0.13
2827,0,0.0
2828,0,0.00025
2829,0,0.0
2830,0,0.01
2831,0,0.01
2832,0,0.07166666666666667
2833,1,1.0
2834,0,0.01
2835,0,0.0
2836,0,0.0
2837,1,0.61
2838,0,0.0
2839,0,0.0
2840,0,0.0
2841,0,0.07
2842,0,0.00012048192771084338
2843,1,0.99
2844,0,0.01
2845,0,0.01
2846,0,0.02
2847,0,0.01
2848,0,0.0
2849,0,0.02
2850,0,0.01
2851,0,0.0
2852,0,0.0
2853,0,0.01
2854,0,0.0007692307692307692
2855,0,0.0
2856,0,0.021
2857,0,0.01
2858,1,1.0
2859,0,0.0
2860,1,1.0
2861,0,0.04
2862,0,0.01
2863,0,0.0
2864,1,1.0
2865,0,0.06
2866,1,0.99
2867,0,0.01
2868,0,0.00012048192771084338
2869,0,0.01
2870,0,0.01
2871,0,0.0
2872,0,0.02
2873,0,0.0
2874,1,1.0
2875,0,0.0
2876,0,0.0
2877,0,0.01
2878,0,0.0
2879,0,0.0
2880,0,0.0
2881,0,0.0
2882,0,0.0
2883,0,0.0
2884,0,0.0
2885,0,0.01
2886,1,0.99
2887,0,0.05
2888,0,0.01
2889,0,0.00012048192771084338
2890,0,0.0
2891,1,1.0
2892,0,0.02
2893,0,0.04
2894,1,0.6875
2895,0,0.0
2896,1,0.94
2897,1,0.99
2898,1,0.4
2899,1,1.0
2900,0,0.0
2901,0,0.02166666666666667
2902,1,1.0
2903,1,1.0
2904,0,0.0
2905,1,1.0
2906,0,0.0
2907,0,0.0
2908,0,0.02
2909,0,0.0
2910,0,0.0
2911,1,1.0
2912,0,0.11014084507042254
2913,0,0.02
2914,1,0.88
2915,0,0.0
2916,0,0.0
2917,1,1.0
2918,0,0.0
2919,0,0.0
2920,1,1.0
2921,0,0.0
2922,0,0.01
2923,1,1.0
2924,0,0.0
2925,0,0.0
2926,1,1.0
2927,0,0.0
2928,0,0.0
2929,0,0.02
2930,0,0.03
2931,0,0.0
2932,0,0.00014084507042253522
2933,0,0.00012048192771084338
2934,0,0.0
2935,1,1.0
2936,0,0.0
2937,0,0.0
2938,0,0.0
2939,0,0.00043478260869565214
2940,0,0.021515151515151515
2941,0,0.021515151515151515
2942,1,1.0
2943,0,0.0
2944,1,1.0
2945,0,0.04212048192771085
2946,0,0.10066666666666667
2947,0,0.05
2948,0,0.0
2949,0,0.0
2950,0,0.0
2951,0,0.0
2952,0,0.0
2953,0,0.01
2954,0,0.0
2955,0,0.05
2956,0,0.0
2957,0,0.0
2958,0,0.0
2959,0,0.0007142857142857143
2960,0,0.04
2961,0,0.010493827160493827
2962,1,1.0
2963,0,0.01
2964,0,0.0
2965,0,0.0
2966,1,1.0
2967,0,0.01
2968,0,0.0
2969,0,0.0011111111111111111
2970,0,0.035
2971,0,0.18
2972,0,0.01
2973,0,0.0
2974,0,0.02
2975,0,0.0
2976,1,1.0
2977,0,0.01
2978,0,0.0
2979,0,0.0
2980,0,0.14
2981,0,0.0
2982,0,0.01
2983,0,0.15
2984,1,1.0
2985,0,0.0
2986,1,0.99
2987,0,0.0
2988,0,0.0
2989,0,0.0
2990,0,0.0
2991,0,0.0
2992,0,0.04
2993,0,0.0
2994,0,0.0
2995,0,0.00018518518518518518
2996,0,0.04
2997,0,0.0004938271604938272
2998,0,0.0
2999,1,0.97
